Workbook

Sheet fcf
A1: Future cost Function for Week 2/2016 Version 14.0 | Q1: Discretizations | R1: 50
A2: Number of reservoirs | B2: 96
A3: Number of cuts | B3: 160
A4: Cut | B4: RHS | C4: H1 | D4: H2 | E4: H3 | F4: H4 | G4: H5 | H4: H6 | I4: H7 | J4: H8 | K4: H9 | L4: H10 | M4: H11 | N4: H12 | O4: H13 | P4: H14 | Q4: H15 | R4: H16 | S4: H17 | T4: H18 | U4: H19 | V4: H20 | W4: H21 | X4: H22 | Y4: H23 | Z4: H24 | AA4: H25 | AB4: H26 | AC4: H27 | AD4: H28 | AE4: H29 | AF4: H30 | AG4: H31 | AH4: H32 | AI4: H33 | AJ4: H34 | AK4: H35 | AL4: H36 | AM4: H37 | AN4: H38 | AO4: H39 | AP4: H40 | AQ4: H41 | AR4: H42 | AS4: H43 | AT4: H44 | AU4: H45 | AV4: H46 | AW4: H47 | AX4: H48 | AY4: H49 | AZ4: H50 | BA4: H51 | BB4: H52 | BC4: H53 | BD4: H54 | BE4: H55 | BF4: H56 | BG4: H57 | BH4: H58 | BI4: H59 | BJ4: H60 | BK4: H61 | BL4: H62 | BM4: H63 | BN4: H64 | BO4: H65 | BP4: H66 | BQ4: H67 | BR4: H68 | BS4: H69 | BT4: H70 | BU4: H71 | BV4: H72 | BW4: H73 | BX4: H74 | BY4: H75 | BZ4: H76 | CA4: H77 | CB4: H78 | CC4: H79 | CD4: H80 | CE4: H81 | CF4: H82 | CG4: H83 | CH4: H84 | CI4: H85 | CJ4: H86 | CK4: H87 | CL4: H88 | CM4: H89 | CN4: H90 | CO4: H91 | CP4: H92 | CQ4: H93 | CR4: H94 | CS4: H95 | CT4: H96
A5: 1 | B5: 37318560 | C5: -16.12968 | D5: -11.71747 | E5: -2.88664 | F5: 0 | G5: 0 | H5: 0 | I5: -36.74206 | J5: -8.336601 | K5: 0 | L5: 0 | M5: -48.64054 | N5: -27.47275 | O5: -7.459529 | P5: -27.79982 | Q5: 0 | R5: -2.433801 | S5: 0 | T5: -1.020191 | U5: -5.46583 | V5: -27.20562 | W5: -12.53431 | X5: -12.53431 | Y5: -3.914921 | Z5: -13.2944 | AA5: -13.2944 | AB5: -10.21229 | AC5: -6.420679 | AD5: -3.257153 | AE5: -12.32914 | AF5: -12.26173 | AG5: -6.199267 | AH5: -17.43997 | AI5: -9.964006 | AJ5: -6.666649 | AK5: -21.90741 | AL5: -15.84221 | AM5: -6.702632 | AN5: -22.69727 | AO5: -18.18126 | AP5: -14.79885 | AQ5: -2.993348 | AR5: -1.86636 | AS5: -164.8307 | AT5: -52.09869 | AU5: -19.44078 | AV5: -12.3752 | AW5: -28.12732 | AX5: -5.149594 | AY5: -29.48509 | AZ5: -8.396425 | BA5: 0 | BB5: -4.500132 | BC5: -7.005831 | BD5: -5.546004 | BE5: 0 | BF5: 0 | BG5: -26.94588 | BH5: -19.14618 | BI5: -5.695289 | BJ5: -43.84154 | BK5: -20.27998 | BL5: -13.64739 | BM5: -31.39523 | BN5: -17.99423 | BO5: -12.48066 | BP5: 0 | BQ5: 0 | BR5: 0 | BS5: -10.41113 | BT5: -3.71909 | BU5: -2.034256 | BV5: -3.71909 | BW5: -24.18465 | BX5: -6.149428 | BY5: -28.05458 | BZ5: -19.04502 | CA5: -1.084612 | CB5: -18.51382 | CC5: 0 | CD5: -23.07705 | CE5: -29.28995 | CF5: -11.27823 | CG5: -3.48785 | CH5: -8.095398 | CI5: -3.46931 | CJ5: -1.770794 | CK5: -13.20116 | CL5: 0 | CM5: -48.13467 | CN5: -2.096533 | CO5: -1.439343 | CP5: -1.503176 | CQ5: -2.468315 | CR5: -9.686641 | CS5: -11.35278 | CT5: -0.6786014
A6: 2 | B6: 37319710 | C6: -16.11958 | D6: -11.75563 | E6: -2.829738 | F6: 0 | G6: 0 | H6: 0 | I6: -36.74252 | J6: -8.336758 | K6: 0 | L6: 0 | M6: -48.64285 | N6: -27.47618 | O6: -7.462664 | P6: -27.82658 | Q6: 0 | R6: -2.449064 | S6: 0 | T6: -0.9680164 | U6: -5.464661 | V6: -27.5567 | W6: -12.80404 | X6: -12.77742 | Y6: -3.996505 | Z6: -13.30295 | AA6: -13.30295 | AB6: -10.22094 | AC6: -6.426794 | AD6: -3.259941 | AE6: -12.34785 | AF6: -12.27465 | AG6: -6.214517 | AH6: -17.4415 | AI6: -9.863376 | AJ6: -6.667163 | AK6: -22.00276 | AL6: -16.15593 | AM6: -7.215245 | AN6: -22.69982 | AO6: -18.18147 | AP6: -14.79901 | AQ6: -3.210015 | AR6: -2.193584 | AS6: -164.8776 | AT6: -52.32105 | AU6: -19.53363 | AV6: -12.3169 | AW6: -32.0136 | AX6: -5.180559 | AY6: -29.47329 | AZ6: -8.429875 | BA6: 0 | BB6: -4.764728 | BC6: -7.455359 | BD6: -5.546537 | BE6: 0 | BF6: 0 | BG6: -28.2732 | BH6: -19.13477 | BI6: -5.375038 | BJ6: -45.99297 | BK6: -21.20236 | BL6: -15.11685 | BM6: -31.54086 | BN6: -18.17903 | BO6: -12.49335 | BP6: 0 | BQ6: 0 | BR6: 0 | BS6: -13.54007 | BT6: -6.145514 | BU6: -2.260237 | BV6: -6.145514 | BW6: -24.2382 | BX6: -6.160177 | BY6: -28.05533 | BZ6: -19.26063 | CA6: -0.9493259 | CB6: -18.51876 | CC6: 0 | CD6: -23.30628 | CE6: -30.72893 | CF6: -11.27831 | CG6: -3.246008 | CH6: -8.095557 | CI6: -3.647656 | CJ6: -1.861824 | CK6: -15.01133 | CL6: 0 | CM6: -50.46206 | CN6: -2.093015 | CO6: -1.439024 | CP6: -1.505025 | CQ6: -2.453645 | CR6: -10.38499 | CS6: -10.9171 | CT6: -0.6722259
A7: 3 | B7: 37311800 | C7: -16.12287 | D7: -11.37209 | E7: -2.878023 | F7: 0 | G7: 0 | H7: 0 | I7: -36.73997 | J7: -8.335935 | K7: 0 | L7: 0 | M7: -48.61893 | N7: -27.44597 | O7: -7.435122 | P7: -27.705 | Q7: 0 | R7: -1.147545 | S7: 0 | T7: -0.1403859 | U7: -0.1957002 | V7: -24.82281 | W7: -10.91472 | X7: -10.91472 | Y7: -3.176527 | Z7: -13.26147 | AA7: -13.26147 | AB7: -10.11621 | AC7: -6.394243 | AD7: -3.243618 | AE7: -12.24953 | AF7: -12.20719 | AG7: -6.24896 | AH7: -17.43914 | AI7: -10.26006 | AJ7: -6.666394 | AK7: -21.9512 | AL7: -15.71502 | AM7: -6.817952 | AN7: -22.68362 | AO7: -18.17992 | AP7: -14.79467 | AQ7: -3.007645 | AR7: -2.068864 | AS7: -164.7349 | AT7: -51.88556 | AU7: -18.87141 | AV7: -12.78312 | AW7: -12.78312 | AX7: -5.037049 | AY7: -29.47418 | AZ7: -8.423148 | BA7: 0 | BB7: -4.44035 | BC7: -6.860235 | BD7: -5.544329 | BE7: 0 | BF7: 0 | BG7: -26.76588 | BH7: -19.12727 | BI7: -5.411506 | BJ7: -37.27763 | BK7: -14.43616 | BL7: -13.32419 | BM7: -31.41346 | BN7: -18.15121 | BO7: -12.46507 | BP7: 0 | BQ7: 0 | BR7: 0 | BS7: -13.73712 | BT7: -6.246575 | BU7: -2.29827 | BV7: -6.246575 | BW7: -23.98823 | BX7: -6.096049 | BY7: -28.07344 | BZ7: -18.23523 | CA7: -0.996531 | CB7: -18.48979 | CC7: 0 | CD7: -23.19556 | CE7: -27.79288 | CF7: -11.27783 | CG7: -3.582366 | CH7: -8.094674 | CI7: -3.468941 | CJ7: -1.770605 | CK7: -12.19002 | CL7: 0 | CM7: -47.02073 | CN7: -1.870022 | CO7: -1.437349 | CP7: -1.489475 | CQ7: -2.317613 | CR7: 0 | CS7: -8.765109 | CT7: -0.6454464
A8: 4 | B8: 37320840 | C8: -16.17489 | D8: -11.68834 | E8: -2.872237 | F8: 0 | G8: 0 | H8: 0 | I8: -36.74167 | J8: -8.33629 | K8: 0 | L8: 0 | M8: -48.64468 | N8: -27.47749 | O8: -7.462678 | P8: -27.79579 | Q8: 0 | R8: -2.394743 | S8: 0 | T8: -1.698145 | U8: -5.642567 | V8: -27.18221 | W8: -12.52633 | X8: -12.52633 | Y8: -3.914763 | Z8: -13.29158 | AA8: -13.29158 | AB8: -10.20799 | AC8: -6.419202 | AD8: -3.255853 | AE8: -12.52298 | AF8: -12.24469 | AG8: -6.214991 | AH8: -17.44261 | AI8: -9.987864 | AJ8: -6.667623 | AK8: -22.00452 | AL8: -15.95972 | AM8: -6.832907 | AN8: -22.71701 | AO8: -18.18136 | AP8: -14.79717 | AQ8: -3.063783 | AR8: -2.084255 | AS8: -165.159 | AT8: -52.29972 | AU8: -19.48985 | AV8: -12.52603 | AW8: -28.14968 | AX8: -5.162176 | AY8: -29.50574 | AZ8: -8.431538 | BA8: 0 | BB8: -4.589829 | BC8: -7.154136 | BD8: -5.546339 | BE8: 0 | BF8: 0 | BG8: -27.55916 | BH8: -19.52669 | BI8: -5.410198 | BJ8: -45.13993 | BK8: -21.01957 | BL8: -14.44559 | BM8: -31.49918 | BN8: -18.20888 | BO8: -12.49195 | BP8: 0 | BQ8: 0 | BR8: 0 | BS8: -12.39382 | BT8: -5.423091 | BU8: -2.100592 | BV8: -5.423091 | BW8: -24.15187 | BX8: -6.170204 | BY8: -28.06677 | BZ8: -18.87524 | CA8: -5.789759 | CB8: -18.5186 | CC8: 0 | CD8: -23.40783 | CE8: -30.02456 | CF8: -11.27816 | CG8: -3.354133 | CH8: -8.095259 | CI8: -3.56232 | CJ8: -1.818268 | CK8: -13.17485 | CL8: 0 | CM8: -49.34193 | CN8: -2.099924 | CO8: -1.440689 | CP8: -1.506412 | CQ8: -2.463199 | CR8: -9.87003 | CS8: -11.0179 | CT8: -0.6625486
A9: 5 | B9: 37302770 | C9: -16.03633 | D9: -11.40432 | E9: -3.101002 | F9: 0 | G9: 0 | H9: 0 | I9: -36.72583 | J9: -8.332478 | K9: 0 | L9: 0 | M9: -48.4484 | N9: -27.25514 | O9: -7.281164 | P9: -26.78406 | Q9: 0 | R9: 0 | S9: -2.798615 | T9: 0 | U9: 0 | V9: -15.839 | W9: -3.257929 | X9: -3.257929 | Y9: 0 | Z9: -12.98727 | AA9: -12.98727 | AB9: -9.879202 | AC9: -6.192804 | AD9: -3.104125 | AE9: -11.74479 | AF9: -11.74479 | AG9: -6.199267 | AH9: -17.4314 | AI9: -10.83166 | AJ9: -6.665055 | AK9: -21.17553 | AL9: -14.54743 | AM9: -6.520258 | AN9: -22.67936 | AO9: -18.1759 | AP9: -14.73079 | AQ9: -2.815505 | AR9: -1.650197 | AS9: -162.941 | AT9: -49.60249 | AU9: -17.34687 | AV9: -14.69196 | AW9: -14.69196 | AX9: -3.976116 | AY9: -29.34559 | AZ9: -8.106221 | BA9: 0 | BB9: -4.175431 | BC9: -6.472985 | BD9: -5.538193 | BE9: 0 | BF9: 0 | BG9: -25.03537 | BH9: -19.03974 | BI9: -4.954365 | BJ9: -40.75859 | BK9: -18.93475 | BL9: -11.58257 | BM9: -29.81312 | BN9: -17.28732 | BO9: -11.80127 | BP9: 0 | BQ9: 0 | BR9: 0 | BS9: -11.66323 | BT9: -5.365941 | BU9: -1.969096 | BV9: -5.365941 | BW9: -23.51588 | BX9: -5.914658 | BY9: -27.90883 | BZ9: -16.8783 | CA9: -0.03501657 | CB9: -18.42119 | CC9: 0 | CD9: -17.50064 | CE9: -26.53838 | CF9: -11.2752 | CG9: -4.054827 | CH9: -8.089826 | CI9: -3.19407 | CJ9: -1.630307 | CK9: -10.3941 | CL9: 0 | CM9: -44.46364 | CN9: -1.488471 | CO9: -1.430161 | CP9: -1.458504 | CQ9: -2.16962 | CR9: 0 | CS9: -8.037743 | CT9: -0.7093328
A10: 6 | B10: 37323010 | C10: -16.27108 | D10: -11.69578 | E10: -2.832607 | F10: 0 | G10: 0 | H10: 0 | I10: -36.74089 | J10: -8.335621 | K10: 0 | L10: 0 | M10: -48.65441 | N10: -27.48833 | O10: -7.469591 | P10: -27.79098 | Q10: 0 | R10: -2.23752 | S10: 0 | T10: -2.903768 | U10: -5.84233 | V10: -27.05367 | W10: -12.39133 | X10: -12.39133 | Y10: -3.732934 | Z10: -13.28651 | AA10: -13.28651 | AB10: -10.20545 | AC10: -6.416527 | AD10: -3.252313 | AE10: -12.86925 | AF10: -12.21077 | AG10: -6.199267 | AH10: -17.44825 | AI10: -10.03912 | AJ10: -6.669682 | AK10: -22.22736 | AL10: -16.29909 | AM10: -7.224945 | AN10: -22.75423 | AO10: -18.1815 | AP10: -14.79815 | AQ10: -3.238654 | AR10: -2.17025 | AS10: -165.8535 | AT10: -52.74717 | AU10: -19.60933 | AV10: -12.79541 | AW10: -28.50392 | AX10: -5.191405 | AY10: -29.54136 | AZ10: -8.512142 | BA10: 0 | BB10: -4.791733 | BC10: -7.521923 | BD10: -5.546952 | BE10: 0 | BF10: 0 | BG10: -28.48046 | BH10: -20.22783 | BI10: -5.376917 | BJ10: -45.76361 | BK10: -20.77935 | BL10: -15.1116 | BM10: -31.82601 | BN10: -18.38839 | BO10: -12.62231 | BP10: 0 | BQ10: 0 | BR10: 0 | BS10: -13.61863 | BT10: -6.187968 | BU10: -2.272367 | BV10: -6.187968 | BW10: -24.08185 | BX10: -6.206552 | BY10: -28.09531 | BZ10: -18.52806 | CA10: -14.72845 | CB10: -18.5279 | CC10: 0 | CD10: -24.11146 | CE10: -30.9101 | CF10: -11.27804 | CG10: -3.102322 | CH10: -8.094976 | CI10: -3.665774 | CJ10: -1.871072 | CK10: -14.39186 | CL10: 0 | CM10: -50.73633 | CN10: -2.101182 | CO10: -1.443416 | CP10: -1.511527 | CQ10: -2.452012 | CR10: -9.747801 | CS10: -10.09769 | CT10: -0.6465736
A11: 7 | B11: 37328070 | C11: -16.11976 | D11: -11.32393 | E11: -2.883342 | F11: 0 | G11: 0 | H11: 0 | I11: -36.74015 | J11: -8.335614 | K11: 0 | L11: 0 | M11: -48.63924 | N11: -27.46957 | O11: -7.453184 | P11: -27.7243 | Q11: 0 | R11: -2.459673 | S11: 0 | T11: -2.974058 | U11: -5.896148 | V11: -23.47078 | W11: -9.755801 | X11: -9.755801 | Y11: -3.009004 | Z11: -13.26603 | AA11: -13.26445 | AB11: -10.08198 | AC11: -6.39936 | AD11: -3.245669 | AE11: -12.23694 | AF11: -12.19611 | AG11: -6.219402 | AH11: -17.4443 | AI11: -10.40118 | AJ11: -6.668334 | AK11: -21.74893 | AL11: -15.39631 | AM11: -6.595727 | AN11: -22.68563 | AO11: -18.1803 | AP11: -14.74631 | AQ11: -2.91625 | AR11: -1.874636 | AS11: -164.9626 | AT11: -51.14894 | AU11: -18.83589 | AV11: -37.91643 | AW11: -54.03925 | AX11: -5.03528 | AY11: -29.52247 | AZ11: -8.416984 | BA11: 0 | BB11: -4.373745 | BC11: -6.712189 | BD11: -5.54556 | BE11: 0 | BF11: 0 | BG11: -26.47728 | BH11: -19.13915 | BI11: -5.084529 | BJ11: -29.59439 | BK11: -7.860424 | BL11: -13.46826 | BM11: -30.10384 | BN11: -17.44286 | BO11: -11.91798 | BP11: 0 | BQ11: 0 | BR11: 0 | BS11: -13.74215 | BT11: -6.249876 | BU11: -2.311141 | BV11: -6.249876 | BW11: -23.98092 | BX11: -6.11349 | BY11: -28.12605 | BZ11: -18.2186 | CA11: -0.8722618 | CB11: -18.49485 | CC11: 0 | CD11: -18.0358 | CE11: -27.17854 | CF11: -11.27789 | CG11: -3.731183 | CH11: -8.09474 | CI11: -3.488909 | CJ11: -1.780797 | CK11: -13.70477 | CL11: 0 | CM11: -46.40982 | CN11: -1.954889 | CO11: -1.437536 | CP11: -1.509126 | CQ11: -2.416304 | CR11: -5.950185 | CS11: -9.847696 | CT11: -0.7386414
A12: 8 | B12: 37327630 | C12: -16.42505 | D12: -11.93054 | E12: -2.868758 | F12: 0 | G12: 0 | H12: 0 | I12: -36.74132 | J12: -8.335527 | K12: 0 | L12: 0 | M12: -48.66404 | N12: -27.50123 | O12: -7.479382 | P12: -27.84703 | Q12: 0 | R12: -2.640064 | S12: 0 | T12: -3.648014 | U12: -6.207099 | V12: -27.78721 | W12: -12.46566 | X12: -12.46566 | Y12: -3.912941 | Z12: -13.30176 | AA12: -13.30176 | AB12: -10.25784 | AC12: -6.428696 | AD12: -3.167436 | AE12: -13.65121 | AF12: -12.21391 | AG12: -6.306528 | AH12: -17.45506 | AI12: -9.844484 | AJ12: -6.672109 | AK12: -22.74742 | AL12: -17.19255 | AM12: -7.826931 | AN12: -22.80131 | AO12: -18.18218 | AP12: -14.79638 | AQ12: -3.37706 | AR12: -2.326646 | AS12: -166.6014 | AT12: -53.85235 | AU12: -19.97614 | AV12: -19.48708 | AW12: -39.75176 | AX12: -5.337968 | AY12: -29.56785 | AZ12: -8.7051 | BA12: 0 | BB12: -4.997043 | BC12: -7.781919 | BD12: -5.548656 | BE12: 0 | BF12: 0 | BG12: -29.7021 | BH12: -21.78408 | BI12: -5.669906 | BJ12: -48.3744 | BK12: -22.32379 | BL12: -15.87779 | BM12: -32.87399 | BN12: -18.99091 | BO12: -13.05978 | BP12: 0 | BQ12: 0 | BR12: 0 | BS12: -14.26161 | BT12: -6.485544 | BU12: -2.38075 | BV12: -6.485544 | BW12: -24.11342 | BX12: -6.282788 | BY12: -28.11456 | BZ12: -18.64949 | CA12: -21.8676 | CB12: -18.54914 | CC12: 0 | CD12: -25.03541 | CE12: -32.29689 | CF12: -11.27814 | CG12: -3.146747 | CH12: -8.095109 | CI12: -3.823188 | CJ12: -1.951419 | CK12: -16.76753 | CL12: 0 | CM12: -53.47986 | CN12: -2.068722 | CO12: -1.445973 | CP12: -1.522198 | CQ12: -2.401016 | CR12: -10.7414 | CS12: -9.853293 | CT12: -0.6427932
A13: 9 | B13: 37319680 | C13: -16.26312 | D13: -11.38689 | E13: -2.765271 | F13: 0 | G13: 0 | H13: 0 | I13: -36.73325 | J13: -8.333249 | K13: 0 | L13: 0 | M13: -48.5944 | N13: -27.42322 | O13: -7.404091 | P13: -27.30095 | Q13: 0 | R13: -2.377052 | S13: 0 | T13: -1.52161 | U13: -5.935323 | V13: -19.9112 | W13: -5.614504 | X13: -5.614504 | Y13: -1.438235 | Z13: -13.14546 | AA13: -13.13574 | AB13: -9.795746 | AC13: -6.323242 | AD13: -3.153351 | AE13: -11.93738 | AF13: -11.93738 | AG13: -6.232097 | AH13: -17.44023 | AI13: -10.61024 | AJ13: -6.667355 | AK13: -22.12217 | AL13: -16.32912 | AM13: -7.313854 | AN13: -22.76245 | AO13: -18.18048 | AP13: -14.7901 | AQ13: -3.108468 | AR13: -1.906761 | AS13: -165.5284 | AT13: -50.37911 | AU13: -18.87492 | AV13: -15.35621 | AW13: -15.35621 | AX13: -4.710079 | AY13: -29.49239 | AZ13: -8.694745 | BA13: 0 | BB13: -4.711445 | BC13: -7.305245 | BD13: -5.545114 | BE13: 0 | BF13: 0 | BG13: -28.12931 | BH13: -19.5437 | BI13: -5.332252 | BJ13: -42.66659 | BK13: -18.03676 | BL13: -14.63182 | BM13: -31.49903 | BN13: -18.23141 | BO13: -12.54395 | BP13: 0 | BQ13: 0 | BR13: 0 | BS13: -14.12813 | BT13: -6.418576 | BU13: -2.362298 | BV13: -6.418576 | BW13: -23.68751 | BX13: -6.090279 | BY13: -28.01029 | BZ13: -17.26127 | CA13: -6.104853 | CB13: -18.48956 | CC13: 0 | CD13: -22.98301 | CE13: -30.44701 | CF13: -11.27665 | CG13: -3.31715 | CH13: -8.092354 | CI13: -3.756287 | CJ13: -1.92434 | CK13: -7.548695 | CL13: 0 | CM13: -50.15785 | CN13: -1.960124 | CO13: -1.443032 | CP13: -1.504195 | CQ13: -2.455417 | CR13: -7.122535 | CS13: -9.486701 | CT13: -0.6619541
A14: 10 | B14: 37311850 | C14: -15.64297 | D14: -10.38561 | E14: -2.62195 | F14: 0 | G14: 0 | H14: 0 | I14: -36.72592 | J14: -8.330827 | K14: 0 | L14: 0 | M14: -48.55621 | N14: -27.37881 | O14: -7.364586 | P14: -26.76542 | Q14: 0 | R14: -1.752326 | S14: 0 | T14: -0.5967609 | U14: -5.232243 | V14: -17.15645 | W14: -4.035505 | X14: -4.035505 | Y14: -0.3047375 | Z14: -12.99314 | AA14: -12.93388 | AB14: -9.336344 | AC14: -6.19881 | AD14: -3.066621 | AE14: -11.71841 | AF14: -11.71829 | AG14: -6.204265 | AH14: -17.34866 | AI14: -10.62951 | AJ14: -6.639829 | AK14: -21.04404 | AL14: -15.32047 | AM14: -6.659163 | AN14: -22.70024 | AO14: -18.17745 | AP14: -14.78933 | AQ14: -2.857322 | AR14: -1.647421 | AS14: -163.9489 | AT14: -46.98813 | AU14: -17.58612 | AV14: -15.59243 | AW14: -15.59243 | AX14: -4.028614 | AY14: -29.39468 | AZ14: -8.355289 | BA14: 0 | BB14: -4.277858 | BC14: -6.633497 | BD14: -5.538965 | BE14: 0 | BF14: 0 | BG14: -25.9212 | BH14: -19.1477 | BI14: -4.948654 | BJ14: -35.05874 | BK14: -12.83568 | BL14: -7.58856 | BM14: -29.1216 | BN14: -16.94302 | BO14: -11.60065 | BP14: 0 | BQ14: 0 | BR14: 0 | BS14: -12.70436 | BT14: -5.770166 | BU14: -2.119223 | BV14: -5.770166 | BW14: -23.57859 | BX14: -5.974188 | BY14: -27.88187 | BZ14: -17.04572 | CA14: -0.3034231 | CB14: -18.43682 | CC14: 0 | CD14: -16.31908 | CE14: -25.72348 | CF14: -11.27526 | CG14: -3.796957 | CH14: -8.089818 | CI14: -3.306701 | CJ14: -1.687796 | CK14: -9.697146 | CL14: 0 | CM14: -45.5684 | CN14: -1.9749 | CO14: -1.440424 | CP14: -1.4884 | CQ14: -2.518201 | CR14: -10.95913 | CS14: -9.686115 | CT14: -0.6610647
A15: 11 | B15: 37309480 | C15: -16.02218 | D15: -9.224368 | E15: -2.657628 | F15: 0 | G15: 0 | H15: 0 | I15: -36.72581 | J15: -8.329734 | K15: 0 | L15: 0 | M15: -48.58407 | N15: -27.4085 | O15: -7.39667 | P15: -26.84246 | Q15: 0 | R15: -1.486599 | S15: -1.307395 | T15: -1.481368 | U15: -4.741096 | V15: -16.91572 | W15: -3.986401 | X15: -3.986401 | Y15: -0.5633905 | Z15: -13.00807 | AA15: -12.24246 | AB15: -9.328582 | AC15: -6.177409 | AD15: -3.046027 | AE15: -11.68653 | AF15: -11.68653 | AG15: -6.199267 | AH15: -17.43404 | AI15: -10.73948 | AJ15: -6.666203 | AK15: -20.42604 | AL15: -14.55524 | AM15: -6.366822 | AN15: -22.69117 | AO15: -18.17726 | AP15: -14.76439 | AQ15: -2.824823 | AR15: -1.538856 | AS15: -164.4873 | AT15: -46.10275 | AU15: -17.24774 | AV15: -14.28901 | AW15: -14.28901 | AX15: -4.239455 | AY15: -29.39612 | AZ15: -8.087371 | BA15: 0 | BB15: -4.113846 | BC15: -6.172841 | BD15: -5.541387 | BE15: 0 | BF15: 0 | BG15: -25.08766 | BH15: -19.14074 | BI15: -4.677985 | BJ15: -18.859 | BK15: -1.721642 | BL15: -10.45855 | BM15: -27.801 | BN15: -16.21443 | BO15: -11.11748 | BP15: 0 | BQ15: 0 | BR15: 0 | BS15: -13.71516 | BT15: -6.234874 | BU15: -2.273689 | BV15: -6.234874 | BW15: -23.59688 | BX15: -5.980594 | BY15: -28.00053 | BZ15: -17.10595 | CA15: -0.2248798 | CB15: -18.44906 | CC15: 0 | CD15: -16.73972 | CE15: -24.99094 | CF15: -11.27528 | CG15: -4.261751 | CH15: -8.089768 | CI15: -3.216388 | CJ15: -1.641698 | CK15: -10.49249 | CL15: 0 | CM15: -43.89591 | CN15: -1.915456 | CO15: -1.433227 | CP15: -1.488747 | CQ15: -2.462674 | CR15: -5.183524 | CS15: -10.32827 | CT15: -0.8221567
A16: 12 | B16: 37317850 | C16: -16.21625 | D16: -11.29654 | E16: -2.783536 | F16: 0 | G16: 0 | H16: 0 | I16: -36.73104 | J16: -8.332974 | K16: 0 | L16: 0 | M16: -48.5617 | N16: -27.38802 | O16: -7.375124 | P16: -27.11995 | Q16: 0 | R16: -1.876377 | S16: 0 | T16: 0 | U16: -5.119453 | V16: -17.3385 | W16: -3.538485 | X16: -3.538485 | Y16: 0 | Z16: -13.09538 | AA16: -13.08117 | AB16: -9.646766 | AC16: -6.29139 | AD16: -3.154651 | AE16: -11.86334 | AF16: -11.86244 | AG16: -6.256175 | AH16: -17.43359 | AI16: -10.64454 | AJ16: -6.665242 | AK16: -21.80965 | AL16: -15.89123 | AM16: -7.038595 | AN16: -22.72529 | AO16: -18.17992 | AP16: -14.78918 | AQ16: -3.055202 | AR16: -1.575506 | AS16: -164.6798 | AT16: -49.18484 | AU16: -18.4253 | AV16: -15.68271 | AW16: -24.69855 | AX16: -4.443206 | AY16: -29.46301 | AZ16: -8.654229 | BA16: 0 | BB16: -4.536312 | BC16: -7.061038 | BD16: -5.544033 | BE16: 0 | BF16: 0 | BG16: -27.66656 | BH16: -19.31952 | BI16: -5.236299 | BJ16: -44.02272 | BK16: -20.29991 | BL16: -14.49154 | BM16: -30.77575 | BN16: -17.80581 | BO16: -12.23704 | BP16: 0 | BQ16: 0 | BR16: 0 | BS16: -14.97363 | BT16: -6.818799 | BU16: -2.511347 | BV16: -6.818799 | BW16: -23.64174 | BX16: -6.033621 | BY16: -27.96008 | BZ16: -17.16718 | CA16: -2.211962 | CB16: -18.46858 | CC16: 0 | CD16: -21.81703 | CE16: -30.57288 | CF16: -11.27623 | CG16: -3.084084 | CH16: -8.091613 | CI16: -3.694253 | CJ16: -1.885608 | CK16: -16.24082 | CL16: 0 | CM16: -50.37203 | CN16: -2.025287 | CO16: -1.441385 | CP16: -1.499147 | CQ16: -2.517241 | CR16: -7.121171 | CS16: -10.86632 | CT16: -0.6644638
... A164: 160 | B164: 36074280 | C164: -29.31003 | D164: -16.15685 | E164: -4.862471 | F164: 0 | G164: 0 | H164: 0 | I164: -30.79961 | J164: -13.60071 | K164: -3.564203 | L164: 0 | M164: -25.7476 | N164: -7.300816 | O164: -2.15284 | P164: -57.15816 | Q164: -15.95028 | R164: -8.019594 | S164: -1.078596 | T164: -9.820108 | U164: -12.58812 | V164: -28.89619 | W164: -11.71689 | X164: -11.71689 | Y164: -3.781074 | Z164: -32.68225 | AA164: -22.69343 | AB164: -18.59323 | AC164: -13.44334 | AD164: -8.692016 | AE164: -51.4795 | AF164: -39.1653 | AG164: -12.48804 | AH164: -33.7025 | AI164: -23.40459 | AJ164: -13.82704 | AK164: -25.22449 | AL164: -19.83617 | AM164: -8.83018 | AN164: -41.14401 | AO164: -34.32654 | AP164: -27.94264 | AQ164: -3.810588 | AR164: -2.571547 | AS164: -250.5753 | AT164: -59.83596 | AU164: -22.5882 | AV164: -25.59104 | AW164: -47.07422 | AX164: -5.942437 | AY164: -50.83776 | AZ164: -9.575615 | BA164: 0 | BB164: -5.623554 | BC164: -8.729259 | BD164: -9.078308 | BE164: 0 | BF164: 0 | BG164: -33.49632 | BH164: -33.25096 | BI164: -6.286712 | BJ164: -54.80819 | BK164: -25.41517 | BL164: -7.926459 | BM164: -36.74954 | BN164: -21.19557 | BO164: -14.51126 | BP164: 0 | BQ164: 0 | BR164: 0 | BS164: -16.1724 | BT164: -7.341857 | BU164: -2.708355 | BV164: -7.341857 | BW164: -46.86156 | BX164: -11.89245 | BY164: -55.33087 | BZ164: -42.78921 | CA164: -72.30671 | CB164: -39.10048 | CC164: 0 | CD164: -56.29132 | CE164: -36.32424 | CF164: -20.30874 | CG164: -10.44312 | CH164: -14.97808 | CI164: -4.32833 | CJ164: -2.209439 | CK164: 0 | CL164: 0 | CM164: -60.19722 | CN164: -2.084322 | CO164: -1.875889 | CP164: -1.917576 | CQ164: -2.292754 | CR164: -16.53709 | CS164: -11.21217 | CT164: -0.3440566

Sheet storage values
A1: Reservoir # | B1: Name | C1: Vmin | D1: Vmax | E1: Useful storage | F1: Mean storage | G1: Discretization size
A2: 1 | B2: H1 | C2: 0 | D2: 2270 | E2: =D2-C2 -> 2270 | F2: =C2+(E2/2) -> 1135 | G2: =E2/fcf!$R$1 -> 45.4
A3: 2 | B3: H2 | C3: 0 | D3: 166 | E3: =D3-C3 -> 166 | F3: =C3+(E3/2) -> 83 | G3: =E3/fcf!$R$1 -> 3.32
A4: 3 | B4: H3 | C4: 0 | D4: 282 | E4: =D4-C4 -> 282 | F4: =C4+(E4/2) -> 141 | G4: =E4/fcf!$R$1 -> 5.64
A5: 4 | B5: H4 | C5: 0 | D5: 178 | E5: =D5-C5 -> 178 | F5: =C5+(E5/2) -> 89 | G5: =E5/fcf!$R$1 -> 3.56
A6: 5 | B6: H5 | C6: 0 | D6: 152 | E6: =D6-C6 -> 152 | F6: =C6+(E6/2) -> 76 | G6: =E6/fcf!$R$1 -> 3.04
A7: 6 | B7: H6 | C7: 0 | D7: 358 | E7: =D7-C7 -> 358 | F7: =C7+(E7/2) -> 179 | G7: =E7/fcf!$R$1 -> 7.16
A8: 7 | B8: H7 | C8: 0 | D8: 3300 | E8: =D8-C8 -> 3300 | F8: =C8+(E8/2) -> 1650 | G8: =E8/fcf!$R$1 -> 66
A9: 8 | B9: H8 | C9: 0 | D9: 350 | E9: =D9-C9 -> 350 | F9: =C9+(E9/2) -> 175 | G9: =E9/fcf!$R$1 -> 7
A10: 9 | B10: H9 | C10: 0 | D10: 80 | E10: =D10-C10 -> 80 | F10: =C10+(E10/2) -> 40 | G10: =E10/fcf!$R$1 -> 1.6
A11: 10 | B11: H10 | C11: 0 | D11: 520 | E11: =D11-C11 -> 520 | F11: =C11+(E11/2) -> 260 | G11: =E11/fcf!$R$1 -> 10.4
A12: 11 | B12: H11 | C12: 0 | D12: 1220 | E12: =D12-C12 -> 1220 | F12: =C12+(E12/2) -> 610 | G12: =E12/fcf!$R$1 -> 24.4
A13: 12 | B13: H12 | C13: 0 | D13: 18 | E13: =D13-C13 -> 18 | F13: =C13+(E13/2) -> 9 | G13: =E13/fcf!$R$1 -> 0.36
... A35: 34 | B35: H34 | C35: 0 | D35: 157 | E35: =D35-C35 -> 157 | F35: =C35+(E35/2) -> 78.5 | G35: =E35/fcf!$R$1 -> 3.14
A36: 35 | B36: H35 | C36: 0 | E36: =D36-C36 -> 0 | F36: =C36+(E36/2) -> 0 | G36: =E36/fcf!$R$1 -> 0
A37: 36 | B37: H36 | C37: 0 | E37: =D37-C37 -> 0 | F37: =C37+(E37/2) -> 0 | G37: =E37/fcf!$R$1 -> 0
A38: 37 | B38: H37 | C38: 0 | E38: =D38-C38 -> 0 | F38: =C38+(E38/2) -> 0 | G38: =E38/fcf!$R$1 -> 0
A39: 38 | B39: H38 | C39: 0 | E39: =D39-C39 -> 0 | F39: =C39+(E39/2) -> 0 | G39: =E39/fcf!$R$1 -> 0
A40: 39 | B40: H39 | C40: 0 | E40: =D40-C40 -> 0 | F40: =C40+(E40/2) -> 0 | G40: =E40/fcf!$R$1 -> 0
A41: 40 | B41: H40 | C41: 0 | E41: =D41-C41 -> 0 | F41: =C41+(E41/2) -> 0 | G41: =E41/fcf!$R$1 -> 0
A42: 41 | B42: H41 | C42: 0 | E42: =D42-C42 -> 0 | F42: =C42+(E42/2) -> 0 | G42: =E42/fcf!$R$1 -> 0
A43: 42 | B43: H42 | C43: 0 | E43: =D43-C43 -> 0 | F43: =C43+(E43/2) -> 0 | G43: =E43/fcf!$R$1 -> 0
A44: 43 | B44: H43 | C44: 0 | E44: =D44-C44 -> 0 | F44: =C44+(E44/2) -> 0 | G44: =E44/fcf!$R$1 -> 0
A45: 44 | B45: H44 | C45: 0 | E45: =D45-C45 -> 0 | F45: =C45+(E45/2) -> 0 | G45: =E45/fcf!$R$1 -> 0
A46: 45 | B46: H45 | C46: 0 | E46: =D46-C46 -> 0 | F46: =C46+(E46/2) -> 0 | G46: =E46/fcf!$R$1 -> 0
A47: 46 | B47: H46 | C47: 0 | E47: =D47-C47 -> 0 | F47: =C47+(E47/2) -> 0 | G47: =E47/fcf!$R$1 -> 0
... A97: 96 | B97: H96 | C97: 0 | E97: =D97-C97 -> 0 | F97: =C97+(E97/2) -> 0 | G97: =E97/fcf!$R$1 -> 0

Sheet graph
A1: Reservoir #: | B1: 1
A2: Reservoir name: | B2: =VLOOKUP(B1,'storage values'!A2:B97,2) -> H1
B3: =INDIRECT(CONCATENATE("'Storage values'!C",1+$B$1)) -> 0 | C3: =B3+INDIRECT(CONCATENATE("'Storage values'!$G$",1+$B$1)) -> 45.4 | D3: =C3+INDIRECT(CONCATENATE("'Storage values'!$G$",1+$B$1)) -> 90.8 | E3: =D3+INDIRECT(CONCATENATE("'Storage values'!$G$",1+$B$1)) -> 136.2 | F3: =E3+INDIRECT(CONCATENATE("'Storage values'!$G$",1+$B$1)) -> 181.6 | G3: =F3+INDIRECT(CONCATENATE("'Storage values'!$G$",1+$B$1)) -> 227 | H3: =G3+INDIRECT(CONCATENATE("'Storage values'!$G$",1+$B$1)) -> 272.4 | I3: =H3+INDIRECT(CONCATENATE("'Storage values'!$G$",1+$B$1)) -> 317.8 | J3: =I3+INDIRECT(CONCATENATE("'Storage values'!$G$",1+$B$1)) -> 363.2 | ... AZ3: =AY3+INDIRECT(CONCATENATE("'Storage values'!$G$",1+$B$1)) -> 2270
A4: MAX => | B4: =MAX(B5:B164) -> 37362250 | C4: =MAX(C5:C164) -> 37361492 | D4: =MAX(D5:D164) -> 37360733 | E4: =MAX(E5:E164) -> 37359975 | F4: =MAX(F5:F164) -> 37359217 | G4: =MAX(G5:G164) -> 37358458 | H4: =MAX(H5:H164) -> 37357700 | I4: =MAX(I5:I164) -> 37356941 | ... AZ4: =MAX(AZ5:AZ164) -> 37324332
A5: 1 | B5: =(fcf!$B5)+(INDIRECT(CONCATENATE("'fcf'!",ADDRESS(4+$A5,2+$B$1)))*graph!B$3) -> 37318560 | C5: =(fcf!$B5)+(INDIRECT(CONCATENATE("'fcf'!",ADDRESS(4+$A5,2+$B$1)))*graph!C$3) -> 37317828 | D5: =(fcf!$B5)+(INDIRECT(CONCATENATE("'fcf'!",ADDRESS(4+$A5,2+$B$1)))*graph!D$3) -> 37317095 | E5: =(fcf!$B5)+(INDIRECT(CONCATENATE("'fcf'!",ADDRESS(4+$A5,2+$B$1)))*graph!E$3) -> 37316363 | F5: =(fcf!$B5)+(INDIRECT(CONCATENATE("'fcf'!",ADDRESS(4+$A5,2+$B$1)))*graph!F$3) -> 37315631 | G5: =(fcf!$B5)+(INDIRECT(CONCATENATE("'fcf'!",ADDRESS(4+$A5,2+$B$1)))*graph!G$3) -> 37314899 | H5: =(fcf!$B5)+(INDIRECT(CONCATENATE("'fcf'!",ADDRESS(4+$A5,2+$B$1)))*graph!H$3) -> 37314166 | I5: =(fcf!$B5)+(INDIRECT(CONCATENATE("'fcf'!",ADDRESS(4+$A5,2+$B$1)))*graph!I$3) -> 37313434 | ... AZ5: =(fcf!$B5)+(INDIRECT(CONCATENATE("'fcf'!",ADDRESS(4+$A5,2+$B$1)))*graph!AZ$3) -> 37281946
A6: 2 | B6: =(fcf!$B6)+(INDIRECT(CONCATENATE("'fcf'!",ADDRESS(4+$A6,2+$B$1)))*graph!B$3) -> 37319710 | C6: =(fcf!$B6)+(INDIRECT(CONCATENATE("'fcf'!",ADDRESS(4+$A6,2+$B$1)))*graph!C$3) -> 37318978 | D6: =(fcf!$B6)+(INDIRECT(CONCATENATE("'fcf'!",ADDRESS(4+$A6,2+$B$1)))*graph!D$3) -> 37318246 | E6: =(fcf!$B6)+(INDIRECT(CONCATENATE("'fcf'!",ADDRESS(4+$A6,2+$B$1)))*graph!E$3) -> 37317515 | F6: =(fcf!$B6)+(INDIRECT(CONCATENATE("'fcf'!",ADDRESS(4+$A6,2+$B$1)))*graph!F$3) -> 37316783 | G6: =(fcf!$B6)+(INDIRECT(CONCATENATE("'fcf'!",ADDRESS(4+$A6,2+$B$1)))*graph!G$3) -> 37316051 | H6: =(fcf!$B6)+(INDIRECT(CONCATENATE("'fcf'!",ADDRESS(4+$A6,2+$B$1)))*graph!H$3) -> 37315319 | I6: =(fcf!$B6)+(INDIRECT(CONCATENATE("'fcf'!",ADDRESS(4+$A6,2+$B$1)))*graph!I$3) -> 37314587 | ... AZ6: =(fcf!$B6)+(INDIRECT(CONCATENATE("'fcf'!",ADDRESS(4+$A6,2+$B$1)))*graph!AZ$3) -> 37283119
A7: 3 | B7: =(fcf!$B7)+(INDIRECT(CONCATENATE("'fcf'!",ADDRESS(4+$A7,2+$B$1)))*graph!B$3) -> 37311800 | C7: =(fcf!$B7)+(INDIRECT(CONCATENATE("'fcf'!",ADDRESS(4+$A7,2+$B$1)))*graph!C$3) -> 37311068 | D7: =(fcf!$B7)+(INDIRECT(CONCATENATE("'fcf'!",ADDRESS(4+$A7,2+$B$1)))*graph!D$3) -> 37310336 | E7: =(fcf!$B7)+(INDIRECT(CONCATENATE("'fcf'!",ADDRESS(4+$A7,2+$B$1)))*graph!E$3) -> 37309604 | F7: =(fcf!$B7)+(INDIRECT(CONCATENATE("'fcf'!",ADDRESS(4+$A7,2+$B$1)))*graph!F$3) -> 37308872 | G7: =(fcf!$B7)+(INDIRECT(CONCATENATE("'fcf'!",ADDRESS(4+$A7,2+$B$1)))*graph!G$3) -> 37308140 | H7: =(fcf!$B7)+(INDIRECT(CONCATENATE("'fcf'!",ADDRESS(4+$A7,2+$B$1)))*graph!H$3) -> 37307408 | I7: =(fcf!$B7)+(INDIRECT(CONCATENATE("'fcf'!",ADDRESS(4+$A7,2+$B$1)))*graph!I$3) -> 37306676 | ... AZ7: =(fcf!$B7)+(INDIRECT(CONCATENATE("'fcf'!",ADDRESS(4+$A7,2+$B$1)))*graph!AZ$3) -> 37275201
A8: 4 | B8: =(fcf!$B8)+(INDIRECT(CONCATENATE("'fcf'!",ADDRESS(4+$A8,2+$B$1)))*graph!B$3) -> 37320840 | C8: =(fcf!$B8)+(INDIRECT(CONCATENATE("'fcf'!",ADDRESS(4+$A8,2+$B$1)))*graph!C$3) -> 37320106 | D8: =(fcf!$B8)+(INDIRECT(CONCATENATE("'fcf'!",ADDRESS(4+$A8,2+$B$1)))*graph!D$3) -> 37319371 | E8: =(fcf!$B8)+(INDIRECT(CONCATENATE("'fcf'!",ADDRESS(4+$A8,2+$B$1)))*graph!E$3) -> 37318637 | F8: =(fcf!$B8)+(INDIRECT(CONCATENATE("'fcf'!",ADDRESS(4+$A8,2+$B$1)))*graph!F$3) -> 37317903 | G8: =(fcf!$B8)+(INDIRECT(CONCATENATE("'fcf'!",ADDRESS(4+$A8,2+$B$1)))*graph!G$3) -> 37317168 | H8: =(fcf!$B8)+(INDIRECT(CONCATENATE("'fcf'!",ADDRESS(4+$A8,2+$B$1)))*graph!H$3) -> 37316434 | I8: =(fcf!$B8)+(INDIRECT(CONCATENATE("'fcf'!",ADDRESS(4+$A8,2+$B$1)))*graph!I$3) -> 37315700 | ... AZ8: =(fcf!$B8)+(INDIRECT(CONCATENATE("'fcf'!",ADDRESS(4+$A8,2+$B$1)))*graph!AZ$3) -> 37284123
A9: 5 | B9: =(fcf!$B9)+(INDIRECT(CONCATENATE("'fcf'!",ADDRESS(4+$A9,2+$B$1)))*graph!B$3) -> 37302770 | C9: =(fcf!$B9)+(INDIRECT(CONCATENATE("'fcf'!",ADDRESS(4+$A9,2+$B$1)))*graph!C$3) -> 37302042 | D9: =(fcf!$B9)+(INDIRECT(CONCATENATE("'fcf'!",ADDRESS(4+$A9,2+$B$1)))*graph!D$3) -> 37301314 | E9: =(fcf!$B9)+(INDIRECT(CONCATENATE("'fcf'!",ADDRESS(4+$A9,2+$B$1)))*graph!E$3) -> 37300586 | F9: =(fcf!$B9)+(INDIRECT(CONCATENATE("'fcf'!",ADDRESS(4+$A9,2+$B$1)))*graph!F$3) -> 37299858 | G9: =(fcf!$B9)+(INDIRECT(CONCATENATE("'fcf'!",ADDRESS(4+$A9,2+$B$1)))*graph!G$3) -> 37299130 | H9: =(fcf!$B9)+(INDIRECT(CONCATENATE("'fcf'!",ADDRESS(4+$A9,2+$B$1)))*graph!H$3) -> 37298402 | I9: =(fcf!$B9)+(INDIRECT(CONCATENATE("'fcf'!",ADDRESS(4+$A9,2+$B$1)))*graph!I$3) -> 37297674 | ... AZ9: =(fcf!$B9)+(INDIRECT(CONCATENATE("'fcf'!",ADDRESS(4+$A9,2+$B$1)))*graph!AZ$3) -> 37266368
A10: 6 | B10: =(fcf!$B10)+(INDIRECT(CONCATENATE("'fcf'!",ADDRESS(4+$A10,2+$B$1)))*graph!B$3) -> 37323010 | C10: =(fcf!$B10)+(INDIRECT(CONCATENATE("'fcf'!",ADDRESS(4+$A10,2+$B$1)))*graph!C$3) -> 37322271 | D10: =(fcf!$B10)+(INDIRECT(CONCATENATE("'fcf'!",ADDRESS(4+$A10,2+$B$1)))*graph!D$3) -> 37321533 | E10: =(fcf!$B10)+(INDIRECT(CONCATENATE("'fcf'!",ADDRESS(4+$A10,2+$B$1)))*graph!E$3) -> 37320794 | F10: =(fcf!$B10)+(INDIRECT(CONCATENATE("'fcf'!",ADDRESS(4+$A10,2+$B$1)))*graph!F$3) -> 37320055 | G10: =(fcf!$B10)+(INDIRECT(CONCATENATE("'fcf'!",ADDRESS(4+$A10,2+$B$1)))*graph!G$3) -> 37319316 | H10: =(fcf!$B10)+(INDIRECT(CONCATENATE("'fcf'!",ADDRESS(4+$A10,2+$B$1)))*graph!H$3) -> 37318578 | I10: =(fcf!$B10)+(INDIRECT(CONCATENATE("'fcf'!",ADDRESS(4+$A10,2+$B$1)))*graph!I$3) -> 37317839 | ... AZ10: =(fcf!$B10)+(INDIRECT(CONCATENATE("'fcf'!",ADDRESS(4+$A10,2+$B$1)))*graph!AZ$3) -> 37286075
A11: 7 | B11: =(fcf!$B11)+(INDIRECT(CONCATENATE("'fcf'!",ADDRESS(4+$A11,2+$B$1)))*graph!B$3) -> 37328070 | C11: =(fcf!$B11)+(INDIRECT(CONCATENATE("'fcf'!",ADDRESS(4+$A11,2+$B$1)))*graph!C$3) -> 37327338 | D11: =(fcf!$B11)+(INDIRECT(CONCATENATE("'fcf'!",ADDRESS(4+$A11,2+$B$1)))*graph!D$3) -> 37326606 | E11: =(fcf!$B11)+(INDIRECT(CONCATENATE("'fcf'!",ADDRESS(4+$A11,2+$B$1)))*graph!E$3) -> 37325874 | F11: =(fcf!$B11)+(INDIRECT(CONCATENATE("'fcf'!",ADDRESS(4+$A11,2+$B$1)))*graph!F$3) -> 37325143 | G11: =(fcf!$B11)+(INDIRECT(CONCATENATE("'fcf'!",ADDRESS(4+$A11,2+$B$1)))*graph!G$3) -> 37324411 | H11: =(fcf!$B11)+(INDIRECT(CONCATENATE("'fcf'!",ADDRESS(4+$A11,2+$B$1)))*graph!H$3) -> 37323679 | I11: =(fcf!$B11)+(INDIRECT(CONCATENATE("'fcf'!",ADDRESS(4+$A11,2+$B$1)))*graph!I$3) -> 37322947 | ... AZ11: =(fcf!$B11)+(INDIRECT(CONCATENATE("'fcf'!",ADDRESS(4+$A11,2+$B$1)))*graph!AZ$3) -> 37291478
A12: 8 | B12: =(fcf!$B12)+(INDIRECT(CONCATENATE("'fcf'!",ADDRESS(4+$A12,2+$B$1)))*graph!B$3) -> 37327630 | C12: =(fcf!$B12)+(INDIRECT(CONCATENATE("'fcf'!",ADDRESS(4+$A12,2+$B$1)))*graph!C$3) -> 37326884 | D12: =(fcf!$B12)+(INDIRECT(CONCATENATE("'fcf'!",ADDRESS(4+$A12,2+$B$1)))*graph!D$3) -> 37326139 | E12: =(fcf!$B12)+(INDIRECT(CONCATENATE("'fcf'!",ADDRESS(4+$A12,2+$B$1)))*graph!E$3) -> 37325393 | F12: =(fcf!$B12)+(INDIRECT(CONCATENATE("'fcf'!",ADDRESS(4+$A12,2+$B$1)))*graph!F$3) -> 37324647 | G12: =(fcf!$B12)+(INDIRECT(CONCATENATE("'fcf'!",ADDRESS(4+$A12,2+$B$1)))*graph!G$3) -> 37323902 | H12: =(fcf!$B12)+(INDIRECT(CONCATENATE("'fcf'!",ADDRESS(4+$A12,2+$B$1)))*graph!H$3) -> 37323156 | I12: =(fcf!$B12)+(INDIRECT(CONCATENATE("'fcf'!",ADDRESS(4+$A12,2+$B$1)))*graph!I$3) -> 37322410 | ... AZ12: =(fcf!$B12)+(INDIRECT(CONCATENATE("'fcf'!",ADDRESS(4+$A12,2+$B$1)))*graph!AZ$3) -> 37290345
A13: 9 | B13: =(fcf!$B13)+(INDIRECT(CONCATENATE("'fcf'!",ADDRESS(4+$A13,2+$B$1)))*graph!B$3) -> 37319680 | C13: =(fcf!$B13)+(INDIRECT(CONCATENATE("'fcf'!",ADDRESS(4+$A13,2+$B$1)))*graph!C$3) -> 37318942 | D13: =(fcf!$B13)+(INDIRECT(CONCATENATE("'fcf'!",ADDRESS(4+$A13,2+$B$1)))*graph!D$3) -> 37318203 | E13: =(fcf!$B13)+(INDIRECT(CONCATENATE("'fcf'!",ADDRESS(4+$A13,2+$B$1)))*graph!E$3) -> 37317465 | F13: =(fcf!$B13)+(INDIRECT(CONCATENATE("'fcf'!",ADDRESS(4+$A13,2+$B$1)))*graph!F$3) -> 37316727 | G13: =(fcf!$B13)+(INDIRECT(CONCATENATE("'fcf'!",ADDRESS(4+$A13,2+$B$1)))*graph!G$3) -> 37315988 | H13: =(fcf!$B13)+(INDIRECT(CONCATENATE("'fcf'!",ADDRESS(4+$A13,2+$B$1)))*graph!H$3) -> 37315250 | I13: =(fcf!$B13)+(INDIRECT(CONCATENATE("'fcf'!",ADDRESS(4+$A13,2+$B$1)))*graph!I$3) -> 37314512 | ... AZ13: =(fcf!$B13)+(INDIRECT(CONCATENATE("'fcf'!",ADDRESS(4+$A13,2+$B$1)))*graph!AZ$3) -> 37282763
A14: 10 | B14: =(fcf!$B14)+(INDIRECT(CONCATENATE("'fcf'!",ADDRESS(4+$A14,2+$B$1)))*graph!B$3) -> 37311850 | C14: =(fcf!$B14)+(INDIRECT(CONCATENATE("'fcf'!",ADDRESS(4+$A14,2+$B$1)))*graph!C$3) -> 37311140 | D14: =(fcf!$B14)+(INDIRECT(CONCATENATE("'fcf'!",ADDRESS(4+$A14,2+$B$1)))*graph!D$3) -> 37310430 | E14: =(fcf!$B14)+(INDIRECT(CONCATENATE("'fcf'!",ADDRESS(4+$A14,2+$B$1)))*graph!E$3) -> 37309719 | F14: =(fcf!$B14)+(INDIRECT(CONCATENATE("'fcf'!",ADDRESS(4+$A14,2+$B$1)))*graph!F$3) -> 37309009 | G14: =(fcf!$B14)+(INDIRECT(CONCATENATE("'fcf'!",ADDRESS(4+$A14,2+$B$1)))*graph!G$3) -> 37308299 | H14: =(fcf!$B14)+(INDIRECT(CONCATENATE("'fcf'!",ADDRESS(4+$A14,2+$B$1)))*graph!H$3) -> 37307589 | I14: =(fcf!$B14)+(INDIRECT(CONCATENATE("'fcf'!",ADDRESS(4+$A14,2+$B$1)))*graph!I$3) -> 37306879 | ... AZ14: =(fcf!$B14)+(INDIRECT(CONCATENATE("'fcf'!",ADDRESS(4+$A14,2+$B$1)))*graph!AZ$3) -> 37276340
A15: 11 | B15: =(fcf!$B15)+(INDIRECT(CONCATENATE("'fcf'!",ADDRESS(4+$A15,2+$B$1)))*graph!B$3) -> 37309480 | C15: =(fcf!$B15)+(INDIRECT(CONCATENATE("'fcf'!",ADDRESS(4+$A15,2+$B$1)))*graph!C$3) -> 37308753 | D15: =(fcf!$B15)+(INDIRECT(CONCATENATE("'fcf'!",ADDRESS(4+$A15,2+$B$1)))*graph!D$3) -> 37308025 | E15: =(fcf!$B15)+(INDIRECT(CONCATENATE("'fcf'!",ADDRESS(4+$A15,2+$B$1)))*graph!E$3) -> 37307298 | F15: =(fcf!$B15)+(INDIRECT(CONCATENATE("'fcf'!",ADDRESS(4+$A15,2+$B$1)))*graph!F$3) -> 37306570 | G15: =(fcf!$B15)+(INDIRECT(CONCATENATE("'fcf'!",ADDRESS(4+$A15,2+$B$1)))*graph!G$3) -> 37305843 | H15: =(fcf!$B15)+(INDIRECT(CONCATENATE("'fcf'!",ADDRESS(4+$A15,2+$B$1)))*graph!H$3) -> 37305116 | I15: =(fcf!$B15)+(INDIRECT(CONCATENATE("'fcf'!",ADDRESS(4+$A15,2+$B$1)))*graph!I$3) -> 37304388 | ... AZ15: =(fcf!$B15)+(INDIRECT(CONCATENATE("'fcf'!",ADDRESS(4+$A15,2+$B$1)))*graph!AZ$3) -> 37273110
A16: 12 | B16: =(fcf!$B16)+(INDIRECT(CONCATENATE("'fcf'!",ADDRESS(4+$A16,2+$B$1)))*graph!B$3) -> 37317850 | C16: =(fcf!$B16)+(INDIRECT(CONCATENATE("'fcf'!",ADDRESS(4+$A16,2+$B$1)))*graph!C$3) -> 37317114 | D16: =(fcf!$B16)+(INDIRECT(CONCATENATE("'fcf'!",ADDRESS(4+$A16,2+$B$1)))*graph!D$3) -> 37316378 | E16: =(fcf!$B16)+(INDIRECT(CONCATENATE("'fcf'!",ADDRESS(4+$A16,2+$B$1)))*graph!E$3) -> 37315641 | F16: =(fcf!$B16)+(INDIRECT(CONCATENATE("'fcf'!",ADDRESS(4+$A16,2+$B$1)))*graph!F$3) -> 37314905 | G16: =(fcf!$B16)+(INDIRECT(CONCATENATE("'fcf'!",ADDRESS(4+$A16,2+$B$1)))*graph!G$3) -> 37314169 | H16: =(fcf!$B16)+(INDIRECT(CONCATENATE("'fcf'!",ADDRESS(4+$A16,2+$B$1)))*graph!H$3) -> 37313433 | I16: =(fcf!$B16)+(INDIRECT(CONCATENATE("'fcf'!",ADDRESS(4+$A16,2+$B$1)))*graph!I$3) -> 37312696 | ... AZ16: =(fcf!$B16)+(INDIRECT(CONCATENATE("'fcf'!",ADDRESS(4+$A16,2+$B$1)))*graph!AZ$3) -> 37281039
... A164: 160 | B164: =(fcf!$B164)+(INDIRECT(CONCATENATE("'fcf'!",ADDRESS(4+$A164,2+$B$1)))*graph!B$3) -> 36074280 | C164: =(fcf!$B164)+(INDIRECT(CONCATENATE("'fcf'!",ADDRESS(4+$A164,2+$B$1)))*graph!C$3) -> 36072949 | D164: =(fcf!$B164)+(INDIRECT(CONCATENATE("'fcf'!",ADDRESS(4+$A164,2+$B$1)))*graph!D$3) -> 36071619 | E164: =(fcf!$B164)+(INDIRECT(CONCATENATE("'fcf'!",ADDRESS(4+$A164,2+$B$1)))*graph!E$3) -> 36070288 | F164: =(fcf!$B164)+(INDIRECT(CONCATENATE("'fcf'!",ADDRESS(4+$A164,2+$B$1)))*graph!F$3) -> 36068957 | G164: =(fcf!$B164)+(INDIRECT(CONCATENATE("'fcf'!",ADDRESS(4+$A164,2+$B$1)))*graph!G$3) -> 36067627 | H164: =(fcf!$B164)+(INDIRECT(CONCATENATE("'fcf'!",ADDRESS(4+$A164,2+$B$1)))*graph!H$3) -> 36066296 | I164: =(fcf!$B164)+(INDIRECT(CONCATENATE("'fcf'!",ADDRESS(4+$A164,2+$B$1)))*graph!I$3) -> 36064965 | ... AZ164: =(fcf!$B164)+(INDIRECT(CONCATENATE("'fcf'!",ADDRESS(4+$A164,2+$B$1)))*graph!AZ$3) -> 36007746
